delay0,distance0,evm0,ber0,ser0,startingx_idx0,delay1,distance1,evm1,ber1,ser1,startingx_idx1,delay2,distance2,evm2,ber2,ser2,startingx_idx2
-95997.2,0.740249050399143,-15.48022258400617,0.004429429429429429,0.017717717717717716,20084.0,-96001.09999999999,1.0100622626014228,-17.152014093449644,0.002777777777777778,0.011111111111111112,20085.0,-95995.3,2.5689830441988306,-15.757901090081226,0.003003003003003003,0.012012012012012012,4341.0
-95996.4,0.9800830167987442,-17.140144976653,0.001051051051051051,0.004204204204204204,20084.0,-96001.7,0.830186787799903,-19.64629054255184,0.00015015015015015014,0.0006006006006006006,20085.0,-95996.0,2.35912832359827,-18.570693373740678,0.0014264264264264265,0.005705705705705706,4078.0
-95996.1,1.0700207541995042,-18.73130168577476,7.507507507507507e-05,0.0003003003003003003,20084.0,-96001.3,0.9501037709997036,-15.012221328571737,0.008708708708708709,0.03453453453453453,20085.0,-95995.7,2.44906606099903,-18.40609823549883,0.0005255255255255255,0.002102102102102102,11456.0
-95997.59999999999,0.6203320671993424,-20.019827357488392,0.00045045045045045046,0.0018018018018018018,20084.0,-96002.59999999999,0.5603735756012611,-19.20907104163777,0.00015015015015015014,0.0006006006006006006,20085.0,-95997.0,2.0593358656005876,-17.867956528770787,0.0006006006006006006,0.0024024024024024023,10357.0
-95998.2,0.44045659239782253,-18.023324402073406,0.00015015015015015014,0.0006006006006006006,20084.0,-96001.9,0.7702282961981837,-20.15593707405546,0.00022522522522522523,0.0009009009009009009,20085.0,-95996.2,2.2991698320001888,-20.202015952592465,0.0,0.0,1862.0
-95997.90000000001,0.5303943297949445,-18.696788218418618,0.000975975975975976,0.003903903903903904,20084.0,-96001.40000000001,0.9201245251970249,-19.279548428518925,0.0006756756756756757,0.002702702702702703,20085.0,-95995.6,2.4790453067944327,-17.985180634523797,0.0007507507507507507,0.003003003003003003,2939.0
-95997.3,0.7102698045964644,-16.966805254638327,0.0006756756756756757,0.002702702702702703,20084.0,-96001.6,0.8601660335989436,-18.20705889336365,0.00037537537537537537,0.0015015015015015015,20085.0,-96000.9,0.8901452793979843,-20.461593994259513,7.507507507507507e-05,0.0003003003003003003,7111.0
-95997.90000000001,0.5303943297949445,-17.411873113292636,0.0006756756756756757,0.002702702702702703,20084.0,-96001.6,0.8601660335989436,-17.37759647520016,0.00022522522522522523,0.0009009009009009009,20085.0,-96000.8,0.9201245251970249,-17.392379052455425,0.003228228228228228,0.012912912912912912,8680.0
-95997.59999999999,0.6203320671993424,-19.945234681984758,7.507507507507507e-05,0.0003003003003003003,20084.0,-96002.2,0.6802905588010617,-18.439429367712417,0.0012012012012012011,0.004804804804804805,20085.0,-96001.5,0.7102698045964644,-18.50967423789654,0.0006006006006006006,0.0024024024024024023,6683.0
-95998.2,0.44045659239782253,-14.857788165373593,0.012912912912912912,0.05105105105105105,20084.0,-96002.1,0.7102698046001024,-14.87130797883986,0.006156156156156156,0.024324324324324326,20085.0,-95996.2,2.2991698320001888,-17.79592744425955,0.0005255255255255255,0.002102102102102102,7734.0
-95997.8,0.5603735755976231,-16.96814893163293,0.0018018018018018018,0.007207207207207207,20084.0,-96001.6,0.8601660335989436,-14.78595825713111,0.013138138138138139,0.05195195195195195,20085.0,-95995.9,2.3891075693973107,-17.666617813041952,0.00015015015015015014,0.0006006006006006006,5575.0
-95997.7,0.5903528213966638,-18.898125245920788,0.00037537537537537537,0.0015015015015015015,20084.0,-96001.8,0.8002075419972243,-16.61028045647658,0.000975975975975976,0.003903903903903904,20085.0,-96001.0,0.8601660335953056,-16.688390863651478,0.004204204204204204,0.016816816816816817,9522.0
-95997.7,0.5903528213966638,-16.687989639191386,0.002627627627627628,0.010510510510510511,20084.0,-96001.9,0.7702282961981837,-17.957074491007887,0.0017267267267267268,0.006306306306306306,20085.0,-96001.3,0.7702282961981837,-19.90294452265145,0.00022522522522522523,0.0009009009009009009,12300.0
-95997.7,0.5903528213966638,-18.321364988490735,0.0012012012012012011,0.004804804804804805,20084.0,-96002.0,0.740249050402781,-18.022764943085924,0.0025525525525525524,0.01021021021021021,20085.0,-95996.3,2.26919058619751,-17.79230399667569,0.0015765765765765765,0.006306306306306306,7910.0
-95998.5,0.3505188549970626,-17.748035587182898,0.0024024024024024023,0.00960960960960961,20084.0,-96002.59999999999,0.5603735756012611,-18.59954001766362,0.00045045045045045046,0.0018018018018018018,20085.0,-96001.8,0.6203320671957044,-18.282304761910865,0.0013513513513513514,0.005405405405405406,15886.0
-95998.5,0.3505188549970626,-18.09445857721321,0.0006006006006006006,0.0024024024024024023,20084.0,-96002.5,0.5903528214003018,-16.616609790161213,0.0016516516516516516,0.006606606606606606,20085.0,-96001.8,0.6203320671957044,-19.05673468390792,0.00037537537537537537,0.0015015015015015015,1307.0
-95998.3,0.4104773465951439,-19.900080361302408,0.00015015015015015014,0.0006006006006006006,20084.0,-96002.4,0.6203320671993424,-14.747074737449765,0.010285285285285285,0.03993993993993994,20085.0,-96001.7,0.6503113129983831,-19.89515159809683,0.0,0.0,10485.0
-95998.3,0.4104773465951439,-19.5231925165765,0.0006756756756756757,0.002702702702702703,20084.0,-96002.4,0.6203320671993424,-16.050858776871138,0.004429429429429429,0.017417417417417418,20085.0,-95996.7,2.1492736029977095,-17.93259678891205,0.0011261261261261261,0.0045045045045045045,5835.0
-95998.3,0.4104773465951439,-19.739332742889296,0.00022522522522522523,0.0009009009009009009,20084.0,-96002.1,0.7102698046001024,-18.57317174067798,0.0017267267267267268,0.006906906906906907,20085.0,-96001.40000000001,0.740249050395505,-20.06768769510497,0.00015015015015015014,0.0006006006006006006,7453.0
-95998.4,0.3804981007997412,-18.960763891737468,0.00037537537537537537,0.0015015015015015015,20084.0,-96002.2,0.6802905588010617,-17.90635986874863,0.0007507507507507507,0.003003003003003003,20085.0,-96001.40000000001,0.740249050395505,-19.517270307279155,0.00037537537537537537,0.0015015015015015015,7650.0
-95998.1,0.4704358381968632,-16.112267709460056,0.006081081081081081,0.024324324324324326,20084.0,-96002.0,0.740249050402781,-15.51191480755679,0.008483483483483484,0.03393393393393394,20085.0,-95996.4,2.2392113403984695,-15.559438658541577,0.011111111111111112,0.044444444444444446,7761.0
-95998.1,0.4704358381968632,-18.663396744711697,0.0005255255255255255,0.002102102102102102,20084.0,-96002.90000000001,0.4704358381968632,-17.027630611147597,0.0024774774774774773,0.00990990990990991,20085.0,-96002.1,0.5303943297985825,-17.91551030764904,0.0008258258258258258,0.003303303303303303,3654.0
-95998.3,0.4104773465951439,-18.7404261244723,0.0003003003003003003,0.0012012012012012011,20084.0,-96002.59999999999,0.5603735756012611,-16.85298149717304,0.002177177177177177,0.008708708708708709,20085.0,-96001.9,0.5903528213966638,-17.95061236790732,0.0017267267267267268,0.006906906906906907,17529.0
-95998.2,0.44045659239782253,-19.32056486567641,0.00022522522522522523,0.0009009009009009009,20084.0,-96002.59999999999,0.5603735756012611,-19.095410448344545,0.00045045045045045046,0.0018018018018018018,20085.0,-96001.8,0.6203320671957044,-19.586125964013174,7.507507507507507e-05,0.0003003003003003003,8770.0
-95998.0,0.5004150839995418,-18.437999914041406,0.0006006006006006006,0.0024024024024024023,20084.0,-96001.9,0.7702282961981837,-19.174581372880162,0.00045045045045045046,0.0018018018018018018,20085.0,-95996.1,2.3291490777992294,-19.70772513208264,0.0,0.0,9672.0
-95998.70000000001,0.2905603633953433,-18.379561000976643,0.0007507507507507507,0.003003003003003003,20084.0,-96002.5,0.5903528214003018,-18.70284961829873,0.0013513513513513514,0.005405405405405406,20085.0,-95996.7,2.1492736029977095,-19.983079598861057,0.00015015015015015014,0.0006006006006006006,10396.0
-95998.0,0.5004150839995418,-19.72844237847913,0.00037537537537537537,0.0015015015015015015,20084.0,-96002.7,0.5303943297985825,-18.14435682311422,0.0011261261261261261,0.0045045045045045045,20085.0,-96001.9,0.5903528213966638,-17.873775154109104,0.0018018018018018018,0.007207207207207207,3985.0
-95999.09999999999,0.17064338019918068,-14.354400959307917,0.012237237237237237,0.04804804804804805,20084.0,-96002.59999999999,0.5603735756012611,-15.45566238664085,0.00548048048048048,0.02192192192192192,20085.0,-95996.7,2.1492736029977095,-18.669228241833647,0.00037537537537537537,0.0015015015015015015,14568.0
-95998.2,0.44045659239782253,-17.105094357410906,0.0017267267267267268,0.006906906906906907,20084.0,-96002.90000000001,0.4704358381968632,-15.864402863787975,0.005555555555555556,0.02192192192192192,20085.0,-95997.1,2.029356619797909,-18.515297045533213,0.0008258258258258258,0.003303303303303303,4082.0
-95998.6,0.32053960919802194,-18.698522925101734,0.00037537537537537537,0.0015015015015015015,20084.0,-96002.90000000001,0.4704358381968632,-18.400178013357767,0.0007507507507507507,0.003003003003003003,20085.0,-96002.0,0.5603735756012611,-17.895034406420276,0.0011261261261261261,0.0045045045045045045,8562.0
-95997.90000000001,0.5303943297949445,-19.83772946735042,0.0,0.0,20084.0,-96002.90000000001,0.4704358381968632,-17.970921068898686,0.0007507507507507507,0.003003003003003003,20085.0,-95997.2,1.9993773739988683,-19.230775699024846,0.00045045045045045046,0.0018018018018018018,8131.0
-95997.90000000001,0.5303943297949445,-20.991558925386595,0.0003003003003003003,0.0012012012012012011,20084.0,-96002.90000000001,0.4704358381968632,-18.184548196538955,0.0008258258258258258,0.003303303303303303,20085.0,-96002.0,0.5603735756012611,-18.525278766787697,0.00045045045045045046,0.0018018018018018018,10159.0
-95999.4,0.08070564279842074,-15.890637441573482,0.004054054054054054,0.016216216216216217,20084.0,-96002.59999999999,0.5603735756012611,-19.392583130871024,0.0,0.0,20085.0,-95996.79999999999,2.119294357198669,-20.404480625644847,0.00015015015015015014,0.0006006006006006006,12740.0
-95998.2,0.44045659239782253,-18.498159381298297,0.0006756756756756757,0.002702702702702703,20084.0,-96003.0,0.4404565924014605,-16.887903260657975,0.0022522522522522522,0.009009009009009009,20085.0,-95997.1,2.029356619797909,-19.350834669064557,0.00022522522522522523,0.0009009009009009009,15348.0
-95997.90000000001,0.5303943297949445,-20.02023402177217,7.507507507507507e-05,0.0003003003003003003,20084.0,-96002.90000000001,0.4704358381968632,-18.207347153654048,0.0006756756756756757,0.002702702702702703,20085.0,-95997.2,1.9993773739988683,-19.77832775657744,0.00015015015015015014,0.0006006006006006006,15825.0
-95998.0,0.5004150839995418,-17.156917116301592,0.0016516516516516516,0.006606606606606606,20084.0,-96003.0,0.4404565924014605,-18.008719392852473,0.0008258258258258258,0.003303303303303303,20085.0,-96002.2,0.5004150839995418,-18.9990966911748,0.0003003003003003003,0.0012012012012012011,7297.0
-95998.1,0.4704358381968632,-18.1662806364467,0.0006756756756756757,0.002702702702702703,20084.0,-96002.79999999999,0.5004150839995418,-17.490170863946403,0.0012012012012012011,0.004804804804804805,20085.0,-96002.0,0.5603735756012611,-16.694061579013198,0.0017267267267267268,0.006906906906906907,6494.0
-95999.09999999999,0.17064338019918068,-11.910434696463499,0.010885885885885885,0.043243243243243246,20084.0,-96002.90000000001,0.4704358381968632,-16.933687759836303,0.0014264264264264265,0.005705705705705706,20085.0,-95997.1,2.029356619797909,-16.62465875198498,0.0014264264264264265,0.005705705705705706,3578.0
-95998.1,0.4704358381968632,-13.58349150977298,0.011411411411411412,0.044444444444444446,20084.0,-96003.1,0.4104773465987819,-18.7488638819018,0.0006756756756756757,0.002702702702702703,20085.0,-96002.1,0.5303943297985825,-16.71033044413496,0.004804804804804805,0.01921921921921922,4758.0
-95998.1,0.4704358381968632,-14.330984578700773,0.008633633633633633,0.03423423423423423,20084.0,-96003.0,0.4404565924014605,-15.83402405717954,0.004804804804804805,0.01921921921921922,20085.0,-96002.1,0.5303943297985825,-15.783915979602392,0.0037537537537537537,0.015015015015015015,938.0
