delay0,distance0,delay1,distance1,evm0,evm1,ber0,ber1,ser0,ser1
-118156.70000000001,1.1299792457939475,-118160.4,1.0700207542031421,-18.22987883141225,-15.570605244639077,0.0006006006006006006,0.007207207207207207,0.0024024024024024023,0.02702702702702703
-118156.5,1.1899377373920288,-118160.3,1.0999999999985448,5.459405958294456,6.161053098561,0.4954204204204204,0.49406906906906906,0.9378378378378378,0.9354354354354354
-118156.4,1.2199169831947074,-118161.1,0.8601660335989436,-17.155841433841964,4.511601362704604,0.001951951951951952,0.4879129129129129,0.007807807807807808,0.9267267267267267
-118156.8,1.0999999999985448,-118160.90000000001,0.9201245252043009,-19.59896904390734,-10.154110513455763,0.0,0.03618618618618619,0.0,0.13513513513513514
-118156.9,1.0700207541958662,-118161.2,0.8301867878035409,-16.919546091160317,-9.998970301917884,0.0024774774774774773,0.04159159159159159,0.00990990990990991,0.16126126126126125
-118156.9,1.0700207541958662,-118161.1,0.8601660335989436,-18.53626693196074,-10.812374680697818,0.00037537537537537537,0.029504504504504505,0.0015015015015015015,0.1111111111111111
-118156.9,1.0700207541958662,-118160.79999999999,0.9501037710069795,-17.953290544775456,-9.137037477501973,0.0012762762762762762,0.034684684684684684,0.005105105105105105,0.13423423423423422
-118157.09999999999,1.0100622625977849,-118161.0,0.8901452794016222,6.671145200868791,-8.89447016217498,0.49106606606606606,0.04857357357357357,0.9369369369369369,0.1864864864864865
-118157.09999999999,1.0100622625977849,-118160.7,0.9800830168023822,-18.904923245465078,-10.801629057137397,0.00015015015015015014,0.03528528528528529,0.0006006006006006006,0.13543543543543543
-118156.9,1.0700207541958662,-118160.90000000001,0.9201245252043009,-16.872084507504496,4.924441221376952,0.0015765765765765765,0.48761261261261263,0.006306306306306306,0.9294294294294294
-118156.8,1.0999999999985448,-118160.90000000001,0.9201245252043009,6.397566240407118,-2.6013876403224403,0.4946696696696697,0.055855855855855854,0.9372372372372373,0.2063063063063063
-118156.9,1.0700207541958662,-118161.2,0.8301867878035409,-16.35213901396948,-11.673621025750833,0.0037537537537537537,0.03265765765765766,0.015015015015015015,0.12072072072072072
-118157.0,1.0400415083931875,-118161.0,0.8901452794016222,5.903138929871803,5.370191089426842,0.49444444444444446,0.5021021021021022,0.9396396396396396,0.9372372372372373
-118156.9,1.0700207541958662,-118161.0,0.8901452794016222,-17.310797016762084,-12.645645904087816,0.0014264264264264265,0.019594594594594596,0.005705705705705706,0.07687687687687687
-118157.09999999999,1.0100622625977849,-118160.7,0.9800830168023822,-17.206690817291697,-11.6144237909715,0.0016516516516516516,0.03205705705705706,0.006606606606606606,0.12162162162162163
-118157.29999999999,0.9501037709997036,-118161.1,0.8601660335989436,6.010427877652057,-13.293893478309064,0.49512012012012013,0.01756756756756757,0.9336336336336336,0.06966966966966967
-118157.29999999999,0.9501037709997036,-118160.7,0.9800830168023822,-16.57705143830859,-10.869834016034464,0.0012762762762762762,0.03325825825825826,0.005105105105105105,0.12642642642642643
-118157.4,0.9201245251970249,-118161.0,0.8901452794016222,-15.34860537272583,-12.901640663565386,0.0036036036036036037,0.015915915915915915,0.014114114114114115,0.062162162162162166
-118157.09999999999,1.0100622625977849,-118161.2,0.8301867878035409,-17.981224756838966,-13.363338600647253,0.00037537537537537537,0.013813813813813814,0.0015015015015015015,0.054654654654654654
-118157.29999999999,0.9501037709997036,-118160.79999999999,0.9501037710069795,-17.567185502534738,-13.201058229013647,0.000975975975975976,0.015465465465465466,0.003903903903903904,0.06126126126126126
-118157.2,0.9800830167951062,-118161.3,0.8002075420008623,-17.609337334540346,5.413467849786949,0.0036786786786786787,0.4918918918918919,0.014714714714714715,0.9306306306306307
-118157.09999999999,1.0100622625977849,-118161.5,0.740249050402781,-13.84710844014053,-12.495207392294642,0.010585585585585585,0.02087087087087087,0.042042042042042045,0.08228228228228228
-118157.29999999999,0.9501037709997036,-118161.1,0.8601660335989436,-17.519508582603088,-12.085096147240144,0.001051051051051051,0.016366366366366368,0.004204204204204204,0.06456456456456457
-118157.4,0.9201245251970249,-118161.0,0.8901452794016222,-18.822869624557633,5.507854696975931,7.507507507507507e-05,0.48693693693693696,0.0003003003003003003,0.9285285285285285
-118157.4,0.9201245251970249,-118161.0,0.8901452794016222,5.8987171164945,-11.999056098909692,0.49527027027027026,0.02057057057057057,0.9384384384384384,0.08138138138138139
-118157.29999999999,0.9501037709997036,-118161.0,0.8901452794016222,-16.964327489858697,-12.20401883899193,0.001051051051051051,0.020045045045045045,0.004204204204204204,0.07957957957957958
-118157.2,0.9800830167951062,-118161.0,0.8901452794016222,-16.465334829295035,-12.145818753729149,0.003228228228228228,0.023198198198198197,0.012912912912912912,0.0912912912912913
-118157.29999999999,0.9501037709997036,-118161.1,0.8601660335989436,-18.536639111509892,-11.501753135908984,0.0006006006006006006,0.025225225225225224,0.0024024024024024023,0.0960960960960961
-118157.6,0.8601660335916677,-118161.0,0.8901452794016222,-15.12182815093011,-12.214895232200256,0.0036036036036036037,0.01966966966966967,0.014414414414414415,0.07777777777777778
-118157.8,0.8002075419935863,-118161.4,0.7702282962054596,-16.166054469508786,5.546848140401597,0.004204204204204204,0.4936186186186186,0.016816816816816817,0.9333333333333333
-118157.8,0.8002075419935863,-118161.4,0.7702282962054596,-15.970974224700846,5.179026751506091,0.002927927927927928,0.4897147147147147,0.011711711711711712,0.9297297297297298
-118157.8,0.8002075419935863,-118161.4,0.7702282962054596,-16.85782940080369,-11.532163370711977,0.0017267267267267268,0.015915915915915915,0.006906906906906907,0.061861861861861864
-118157.6,0.8601660335916677,-118161.3,0.8002075420008623,-15.956656987159825,18.196924182001403,0.002927927927927928,0.49932432432432433,0.011711711711711712,0.9402402402402402
-118157.6,0.8601660335916677,-118161.5,0.740249050402781,-14.9871937694375,4.36976150614676,0.00563063063063063,0.4936936936936937,0.02252252252252252,0.9318318318318318
-118157.6,0.8601660335916677,-118161.4,0.7702282962054596,-16.26446468315678,-15.436946289295399,0.0022522522522522522,0.0037537537537537537,0.008708708708708709,0.015015015015015015
-118158.09999999999,0.7102698046001024,-118161.4,0.7702282962054596,6.152788486586109,4.962807928029709,0.4954204204204204,0.49106606606606606,0.9381381381381382,0.9282282282282283
-118158.0,0.740249050395505,-118161.4,0.7702282962054596,-13.329859590465748,-14.41988762149117,0.016516516516516516,0.00975975975975976,0.06456456456456457,0.037237237237237236
-118157.8,0.8002075419935863,-118161.4,0.7702282962054596,-14.48679373165273,-17.866284971823703,0.004204204204204204,0.0009009009009009009,0.016816816816816817,0.0036036036036036037
-118157.8,0.8002075419935863,-118161.8,0.650311313002021,-15.28337176583543,-19.485890724083553,0.008108108108108109,0.0006756756756756757,0.032432432432432434,0.002702702702702703
-118157.7,0.830186787796265,-118161.7,0.6802905587974237,-15.692945826947026,-17.7911893363474,0.004354354354354354,0.0018768768768768769,0.017417417417417418,0.0075075075075075074
-118157.8,0.8002075419935863,-118161.8,0.650311313002021,-17.120831449726627,-20.395566862691457,0.0015765765765765765,0.0,0.006306306306306306,0.0
-118158.0,0.740249050395505,-118161.8,0.650311313002021,-14.968811919453216,-14.544332340414579,0.009309309309309309,0.007207207207207207,0.03663663663663664,0.02882882882882883
-118158.09999999999,0.7102698046001024,-118161.7,0.6802905587974237,5.99445452718781,-17.904789702015925,0.49774774774774777,0.0015015015015015015,0.9378378378378378,0.006006006006006006
-118158.09999999999,0.7102698046001024,-118162.1,0.5603735756012611,-15.152987254918655,-16.450009730702714,0.00563063063063063,0.003078078078078078,0.02252252252252252,0.012312312312312312
-118158.09999999999,0.7102698046001024,-118161.7,0.6802905587974237,-15.174299742257304,5.004733815378564,0.004954954954954955,0.4882132132132132,0.01981981981981982,0.9279279279279279
-118158.0,0.740249050395505,-118162.0,0.5903528214039397,-12.371654140799528,-16.824408981758054,0.021396396396396396,0.0024024024024024023,0.08318318318318318,0.00960960960960961
-118158.5,0.5903528213966638,-118162.0,0.5903528214039397,-10.30179762030182,-17.839664025067417,0.03626126126126126,0.0012762762762762762,0.14084084084084084,0.005105105105105105
-118158.7,0.5303943297985825,-118161.90000000001,0.6203320671993424,7.272913078709875,6.1731766447307805,0.4906906906906907,0.49174174174174173,0.9327327327327327,0.9273273273273274
-118158.2,0.6802905587974237,-118161.90000000001,0.6203320671993424,-0.7067536028739296,-17.945172515027522,0.08618618618618619,0.0011261261261261261,0.2882882882882883,0.0045045045045045045
-118158.2,0.6802905587974237,-118161.8,0.650311313002021,1.0819699821111415,-17.806501688493242,0.19534534534534534,0.0009009009009009009,0.587987987987988,0.0036036036036036037
-118153.79999999999,1.9993773739988683,-118162.0,0.5903528214039397,4.046062440669888,-19.024139133082514,0.4978978978978979,0.0012762762762762762,0.9387387387387387,0.005105105105105105
-118157.09999999999,1.0100622625977849,-118162.2,0.5303943298058584,12.338342667389025,-19.738903176282435,0.22837837837837838,0.00045045045045045046,0.6432432432432432,0.0018018018018018018
-118157.9,0.7702282961981837,-118162.2,0.5303943298058584,-4.810155199852822,-17.573826727349253,0.07274774774774775,0.001051051051051051,0.24444444444444444,0.004204204204204204
-118157.7,0.830186787796265,-118162.1,0.5603735756012611,6.325846070738627,-19.615199022921523,0.4954204204204204,7.507507507507507e-05,0.9384384384384384,0.0003003003003003003
-118158.8,0.5004150839959038,-118162.1,0.5603735756012611,-11.087029529221548,-19.460256660743223,0.027552552552552553,7.507507507507507e-05,0.10810810810810811,0.0003003003003003003
-118158.3,0.6503113129947451,-118162.1,0.5603735756012611,-12.774165212548647,4.279650287982426,0.01659159159159159,0.4903153153153153,0.06336336336336336,0.9294294294294294
-118158.2,0.6802905587974237,-118162.1,0.5603735756012611,-13.739551328535756,-19.510042400186677,0.015165165165165166,0.0009009009009009009,0.06006006006006006,0.0036036036036036037
-118158.40000000001,0.6203320671920665,-118162.2,0.5303943298058584,-13.854585915362716,4.537469599275324,0.013888888888888888,0.4872372372372372,0.05195195195195195,0.9243243243243243
-118158.2,0.6802905587974237,-118162.1,0.5603735756012611,-14.724632722326053,-19.351452157535533,0.00960960960960961,0.00045045045045045046,0.03843843843843844,0.0018018018018018018
